{
  "version": "3.4",
  "log": [
    {
      "@openzeppelin/contracts/interfaces/IERC4906.sol:IERC4906": {
        "src": "@openzeppelin/contracts/interfaces/IERC4906.sol:10",
        "inherit": [
          "@openzeppelin/contracts/token/ERC721/IERC721.sol:IERC721",
          "@openzeppelin/contracts/utils/introspection/IERC165.sol:IERC165"
        ],
        "libraries": [],
        "methods": [],
        "linkReferences": [],
        "errors": [],
        "layout": {
          "storage": [],
          "types": {},
          "layoutVersion": "1.2",
          "flat": false,
          "namespaces": {}
        },
        "solcVersion": "0.8.28"
      },
      "@openzeppelin/contracts/token/ERC721/ERC721.sol:ERC721": {
        "src": "@openzeppelin/contracts/token/ERC721/ERC721.sol:19",
        "version": {
          "withMetadata": "72eac184a20871a6730f94a8431723836ce5d31c79b2016dae8592f76778e0d2",
          "withoutMetadata": "8b1a8bc75b514be054102b71c6873f865f684f71155de21c0305a330f053da45",
          "linkedWithoutMetadata": "8b1a8bc75b514be054102b71c6873f865f684f71155de21c0305a330f053da45"
        },
        "inherit": [
          "@openzeppelin/contracts/token/ERC721/extensions/IERC721Metadata.sol:IERC721Metadata",
          "@openzeppelin/contracts/token/ERC721/IERC721.sol:IERC721",
          "@openzeppelin/contracts/utils/introspection/ERC165.sol:ERC165",
          "@openzeppelin/contracts/utils/introspection/IERC165.sol:IERC165",
          "@openzeppelin/contracts/utils/Context.sol:Context"
        ],
        "libraries": [
          "@openzeppelin/contracts/utils/Address.sol:Address",
          "@openzeppelin/contracts/utils/Strings.sol:Strings"
        ],
        "methods": [
          "(string,string)",
          "supportsInterface(bytes4)",
          "balanceOf(address)",
          "ownerOf(uint256)",
          "name()",
          "symbol()",
          "tokenURI(uint256)",
          "approve(address,uint256)",
          "getApproved(uint256)",
          "setApprovalForAll(address,bool)",
          "isApprovedForAll(address,address)",
          "transferFrom(address,address,uint256)",
          "safeTransferFrom(address,address,uint256)",
          "safeTransferFrom(address,address,uint256,bytes)"
        ],
        "linkReferences": [],
        "errors": [
          {
            "kind": "constructor",
            "contract": "ERC721",
            "src": "@openzeppelin/contracts/token/ERC721/ERC721.sol:44"
          }
        ],
        "layout": {
          "storage": [
            {
              "label": "_name",
              "offset": 0,
              "slot": "0",
              "type": "t_string_storage",
              "contract": "ERC721",
              "src": "@openzeppelin/contracts/token/ERC721/ERC721.sol:24"
            },
            {
              "label": "_symbol",
              "offset": 0,
              "slot": "1",
              "type": "t_string_storage",
              "contract": "ERC721",
              "src": "@openzeppelin/contracts/token/ERC721/ERC721.sol:27"
            },
            {
              "label": "_owners",
              "offset": 0,
              "slot": "2",
              "type": "t_mapping(t_uint256,t_address)",
              "contract": "ERC721",
              "src": "@openzeppelin/contracts/token/ERC721/ERC721.sol:30"
            },
            {
              "label": "_balances",
              "offset": 0,
              "slot": "3",
              "type": "t_mapping(t_address,t_uint256)",
              "contract": "ERC721",
              "src": "@openzeppelin/contracts/token/ERC721/ERC721.sol:33"
            },
            {
              "label": "_tokenApprovals",
              "offset": 0,
              "slot": "4",
              "type": "t_mapping(t_uint256,t_address)",
              "contract": "ERC721",
              "src": "@openzeppelin/contracts/token/ERC721/ERC721.sol:36"
            },
            {
              "label": "_operatorApprovals",
              "offset": 0,
              "slot": "5",
              "type": "t_mapping(t_address,t_mapping(t_address,t_bool))",
              "contract": "ERC721",
              "src": "@openzeppelin/contracts/token/ERC721/ERC721.sol:39"
            }
          ],
          "types": {
            "t_address": {
              "label": "address",
              "numberOfBytes": "20"
            },
            "t_bool": {
              "label": "bool",
              "numberOfBytes": "1"
            },
            "t_mapping(t_address,t_bool)": {
              "label": "mapping(address => bool)",
              "numberOfBytes": "32"
            },
            "t_mapping(t_address,t_mapping(t_address,t_bool))": {
              "label": "mapping(address => mapping(address => bool))",
              "numberOfBytes": "32"
            },
            "t_mapping(t_address,t_uint256)": {
              "label": "mapping(address => uint256)",
              "numberOfBytes": "32"
            },
            "t_mapping(t_uint256,t_address)": {
              "label": "mapping(uint256 => address)",
              "numberOfBytes": "32"
            },
            "t_string_storage": {
              "label": "string",
              "numberOfBytes": "32"
            },
            "t_uint256": {
              "label": "uint256",
              "numberOfBytes": "32"
            }
          },
          "layoutVersion": "1.2",
          "flat": true,
          "namespaces": {}
        },
        "solcVersion": "0.8.28"
      },
      "@openzeppelin/contracts/token/ERC721/IERC721.sol:IERC721": {
        "src": "@openzeppelin/contracts/token/ERC721/IERC721.sol:11",
        "inherit": [
          "@openzeppelin/contracts/utils/introspection/IERC165.sol:IERC165"
        ],
        "libraries": [],
        "methods": [
          "balanceOf(address)",
          "ownerOf(uint256)",
          "safeTransferFrom(address,address,uint256,bytes)",
          "safeTransferFrom(address,address,uint256)",
          "transferFrom(address,address,uint256)",
          "approve(address,uint256)",
          "setApprovalForAll(address,bool)",
          "getApproved(uint256)",
          "isApprovedForAll(address,address)"
        ],
        "linkReferences": [],
        "errors": [],
        "layout": {
          "storage": [],
          "types": {},
          "layoutVersion": "1.2",
          "flat": false,
          "namespaces": {}
        },
        "solcVersion": "0.8.28"
      },
      "@openzeppelin/contracts/token/ERC721/IERC721Receiver.sol:IERC721Receiver": {
        "src": "@openzeppelin/contracts/token/ERC721/IERC721Receiver.sol:11",
        "inherit": [],
        "libraries": [],
        "methods": [
          "onERC721Received(address,address,uint256,bytes)"
        ],
        "linkReferences": [],
        "errors": [],
        "layout": {
          "storage": [],
          "types": {},
          "layoutVersion": "1.2",
          "flat": false,
          "namespaces": {}
        },
        "solcVersion": "0.8.28"
      },
      "@openzeppelin/contracts/token/ERC721/extensions/ERC721URIStorage.sol:ERC721URIStorage": {
        "src": "@openzeppelin/contracts/token/ERC721/extensions/ERC721URIStorage.sol:12",
        "inherit": [
          "@openzeppelin/contracts/token/ERC721/ERC721.sol:ERC721",
          "@openzeppelin/contracts/token/ERC721/extensions/IERC721Metadata.sol:IERC721Metadata",
          "@openzeppelin/contracts/interfaces/IERC4906.sol:IERC4906",
          "@openzeppelin/contracts/token/ERC721/IERC721.sol:IERC721",
          "@openzeppelin/contracts/utils/introspection/ERC165.sol:ERC165",
          "@openzeppelin/contracts/utils/introspection/IERC165.sol:IERC165",
          "@openzeppelin/contracts/utils/Context.sol:Context"
        ],
        "libraries": [
          "@openzeppelin/contracts/utils/Strings.sol:Strings"
        ],
        "methods": [
          "supportsInterface(bytes4)",
          "tokenURI(uint256)"
        ],
        "linkReferences": [],
        "errors": [],
        "layout": {
          "storage": [
            {
              "label": "_name",
              "offset": 0,
              "slot": "0",
              "type": "t_string_storage",
              "contract": "ERC721",
              "src": "@openzeppelin/contracts/token/ERC721/ERC721.sol:24"
            },
            {
              "label": "_symbol",
              "offset": 0,
              "slot": "1",
              "type": "t_string_storage",
              "contract": "ERC721",
              "src": "@openzeppelin/contracts/token/ERC721/ERC721.sol:27"
            },
            {
              "label": "_owners",
              "offset": 0,
              "slot": "2",
              "type": "t_mapping(t_uint256,t_address)",
              "contract": "ERC721",
              "src": "@openzeppelin/contracts/token/ERC721/ERC721.sol:30"
            },
            {
              "label": "_balances",
              "offset": 0,
              "slot": "3",
              "type": "t_mapping(t_address,t_uint256)",
              "contract": "ERC721",
              "src": "@openzeppelin/contracts/token/ERC721/ERC721.sol:33"
            },
            {
              "label": "_tokenApprovals",
              "offset": 0,
              "slot": "4",
              "type": "t_mapping(t_uint256,t_address)",
              "contract": "ERC721",
              "src": "@openzeppelin/contracts/token/ERC721/ERC721.sol:36"
            },
            {
              "label": "_operatorApprovals",
              "offset": 0,
              "slot": "5",
              "type": "t_mapping(t_address,t_mapping(t_address,t_bool))",
              "contract": "ERC721",
              "src": "@openzeppelin/contracts/token/ERC721/ERC721.sol:39"
            },
            {
              "label": "_tokenURIs",
              "offset": 0,
              "slot": "6",
              "type": "t_mapping(t_uint256,t_string_storage)",
              "contract": "ERC721URIStorage",
              "src": "@openzeppelin/contracts/token/ERC721/extensions/ERC721URIStorage.sol:16"
            }
          ],
          "types": {
            "t_address": {
              "label": "address",
              "numberOfBytes": "20"
            },
            "t_bool": {
              "label": "bool",
              "numberOfBytes": "1"
            },
            "t_mapping(t_address,t_bool)": {
              "label": "mapping(address => bool)",
              "numberOfBytes": "32"
            },
            "t_mapping(t_address,t_mapping(t_address,t_bool))": {
              "label": "mapping(address => mapping(address => bool))",
              "numberOfBytes": "32"
            },
            "t_mapping(t_address,t_uint256)": {
              "label": "mapping(address => uint256)",
              "numberOfBytes": "32"
            },
            "t_mapping(t_uint256,t_address)": {
              "label": "mapping(uint256 => address)",
              "numberOfBytes": "32"
            },
            "t_mapping(t_uint256,t_string_storage)": {
              "label": "mapping(uint256 => string)",
              "numberOfBytes": "32"
            },
            "t_string_storage": {
              "label": "string",
              "numberOfBytes": "32"
            },
            "t_uint256": {
              "label": "uint256",
              "numberOfBytes": "32"
            }
          },
          "layoutVersion": "1.2",
          "flat": true,
          "namespaces": {}
        },
        "solcVersion": "0.8.28"
      },
      "@openzeppelin/contracts/token/ERC721/extensions/IERC721Metadata.sol:IERC721Metadata": {
        "src": "@openzeppelin/contracts/token/ERC721/extensions/IERC721Metadata.sol:12",
        "inherit": [
          "@openzeppelin/contracts/token/ERC721/IERC721.sol:IERC721",
          "@openzeppelin/contracts/utils/introspection/IERC165.sol:IERC165"
        ],
        "libraries": [],
        "methods": [
          "name()",
          "symbol()",
          "tokenURI(uint256)"
        ],
        "linkReferences": [],
        "errors": [],
        "layout": {
          "storage": [],
          "types": {},
          "layoutVersion": "1.2",
          "flat": false,
          "namespaces": {}
        },
        "solcVersion": "0.8.28"
      },
      "@openzeppelin/contracts/utils/Address.sol:Address": {
        "src": "@openzeppelin/contracts/utils/Address.sol:9",
        "version": {
          "withMetadata": "5cecff944272fc366680a90e318cd1f19ca5860f7984eb6024a18b1c64383b6d",
          "withoutMetadata": "08d24783a787f8a51dea0c166bb6f91a4f0865e02d03d749f102d332e6ead0ff",
          "linkedWithoutMetadata": "08d24783a787f8a51dea0c166bb6f91a4f0865e02d03d749f102d332e6ead0ff"
        },
        "inherit": [],
        "libraries": [],
        "methods": [],
        "linkReferences": [],
        "errors": [
          {
            "kind": "delegatecall",
            "src": "@openzeppelin/contracts/utils/Address.sol:185"
          },
          {
            "kind": "delegatecall",
            "src": "@openzeppelin/contracts/utils/Address.sol:185"
          }
        ],
        "layout": {
          "storage": [],
          "types": {},
          "layoutVersion": "1.2",
          "flat": false,
          "namespaces": {}
        },
        "solcVersion": "0.8.28"
      },
      "@openzeppelin/contracts/utils/Base64.sol:Base64": {
        "src": "@openzeppelin/contracts/utils/Base64.sol:11",
        "version": {
          "withMetadata": "3cd5911ff3228d1b4da869b7d098a431f8d2f6a1910544c05e7c5e756037a89a",
          "withoutMetadata": "08d24783a787f8a51dea0c166bb6f91a4f0865e02d03d749f102d332e6ead0ff",
          "linkedWithoutMetadata": "08d24783a787f8a51dea0c166bb6f91a4f0865e02d03d749f102d332e6ead0ff"
        },
        "inherit": [],
        "libraries": [],
        "methods": [],
        "linkReferences": [],
        "errors": [],
        "layout": {
          "storage": [],
          "types": {},
          "layoutVersion": "1.2",
          "flat": false,
          "namespaces": {}
        },
        "solcVersion": "0.8.28"
      },
      "@openzeppelin/contracts/utils/Context.sol:Context": {
        "src": "@openzeppelin/contracts/utils/Context.sol:16",
        "inherit": [],
        "libraries": [],
        "methods": [],
        "linkReferences": [],
        "errors": [],
        "layout": {
          "storage": [],
          "types": {},
          "layoutVersion": "1.2",
          "flat": false,
          "namespaces": {}
        },
        "solcVersion": "0.8.28"
      },
      "@openzeppelin/contracts/utils/Counters.sol:Counters": {
        "src": "@openzeppelin/contracts/utils/Counters.sol:14",
        "version": {
          "withMetadata": "fe519173099058f2923b615c2df269540529db122027569584f29bc2dca8a9ea",
          "withoutMetadata": "08d24783a787f8a51dea0c166bb6f91a4f0865e02d03d749f102d332e6ead0ff",
          "linkedWithoutMetadata": "08d24783a787f8a51dea0c166bb6f91a4f0865e02d03d749f102d332e6ead0ff"
        },
        "inherit": [],
        "libraries": [],
        "methods": [],
        "linkReferences": [],
        "errors": [],
        "layout": {
          "storage": [],
          "types": {},
          "layoutVersion": "1.2",
          "flat": false,
          "namespaces": {}
        },
        "solcVersion": "0.8.28"
      },
      "@openzeppelin/contracts/utils/Strings.sol:Strings": {
        "src": "@openzeppelin/contracts/utils/Strings.sol:12",
        "version": {
          "withMetadata": "f3dd5b2c08f1e3f0d0e06426a74a44c512ed5cbbb04bc72123652245f370991f",
          "withoutMetadata": "08d24783a787f8a51dea0c166bb6f91a4f0865e02d03d749f102d332e6ead0ff",
          "linkedWithoutMetadata": "08d24783a787f8a51dea0c166bb6f91a4f0865e02d03d749f102d332e6ead0ff"
        },
        "inherit": [],
        "libraries": [
          "@openzeppelin/contracts/utils/math/Math.sol:Math",
          "@openzeppelin/contracts/utils/math/SignedMath.sol:SignedMath"
        ],
        "methods": [],
        "linkReferences": [],
        "errors": [],
        "layout": {
          "storage": [],
          "types": {},
          "layoutVersion": "1.2",
          "flat": false,
          "namespaces": {}
        },
        "solcVersion": "0.8.28"
      },
      "@openzeppelin/contracts/utils/introspection/ERC165.sol:ERC165": {
        "src": "@openzeppelin/contracts/utils/introspection/ERC165.sol:22",
        "inherit": [
          "@openzeppelin/contracts/utils/introspection/IERC165.sol:IERC165"
        ],
        "libraries": [],
        "methods": [
          "supportsInterface(bytes4)"
        ],
        "linkReferences": [],
        "errors": [],
        "layout": {
          "storage": [],
          "types": {},
          "layoutVersion": "1.2",
          "flat": false,
          "namespaces": {}
        },
        "solcVersion": "0.8.28"
      },
      "@openzeppelin/contracts/utils/introspection/IERC165.sol:IERC165": {
        "src": "@openzeppelin/contracts/utils/introspection/IERC165.sol:15",
        "inherit": [],
        "libraries": [],
        "methods": [
          "supportsInterface(bytes4)"
        ],
        "linkReferences": [],
        "errors": [],
        "layout": {
          "storage": [],
          "types": {},
          "layoutVersion": "1.2",
          "flat": false,
          "namespaces": {}
        },
        "solcVersion": "0.8.28"
      },
      "@openzeppelin/contracts/utils/math/Math.sol:Math": {
        "src": "@openzeppelin/contracts/utils/math/Math.sol:9",
        "version": {
          "withMetadata": "5493fdebbaf4980a40c61dd4b2bdde81511fe97efec6daf09682d925983e801f",
          "withoutMetadata": "08d24783a787f8a51dea0c166bb6f91a4f0865e02d03d749f102d332e6ead0ff",
          "linkedWithoutMetadata": "08d24783a787f8a51dea0c166bb6f91a4f0865e02d03d749f102d332e6ead0ff"
        },
        "inherit": [],
        "libraries": [],
        "methods": [],
        "linkReferences": [],
        "errors": [],
        "layout": {
          "storage": [],
          "types": {},
          "layoutVersion": "1.2",
          "flat": false,
          "namespaces": {}
        },
        "solcVersion": "0.8.28"
      },
      "@openzeppelin/contracts/utils/math/SignedMath.sol:SignedMath": {
        "src": "@openzeppelin/contracts/utils/math/SignedMath.sol:9",
        "version": {
          "withMetadata": "d2c18def3e20016df7fcfa90674457ad752d0949883eac75e3e8ef856c9ad5b9",
          "withoutMetadata": "08d24783a787f8a51dea0c166bb6f91a4f0865e02d03d749f102d332e6ead0ff",
          "linkedWithoutMetadata": "08d24783a787f8a51dea0c166bb6f91a4f0865e02d03d749f102d332e6ead0ff"
        },
        "inherit": [],
        "libraries": [],
        "methods": [],
        "linkReferences": [],
        "errors": [],
        "layout": {
          "storage": [],
          "types": {},
          "layoutVersion": "1.2",
          "flat": false,
          "namespaces": {}
        },
        "solcVersion": "0.8.28"
      },
      "contracts/PeteOnChainNFT.sol:PeteOnChainNFT": {
        "src": "contracts/PeteOnChainNFT.sol:9",
        "version": {
          "withMetadata": "03dec6d054b0dd88eecf476120f80b3495b28b108edf7a2edc800bf540e6c087",
          "withoutMetadata": "2dec5f518e2872b28331d977c08f3d3a13c357a4b11f113f63cf4f0564f3750d",
          "linkedWithoutMetadata": "2dec5f518e2872b28331d977c08f3d3a13c357a4b11f113f63cf4f0564f3750d"
        },
        "inherit": [
          "@openzeppelin/contracts/token/ERC721/extensions/ERC721URIStorage.sol:ERC721URIStorage",
          "@openzeppelin/contracts/token/ERC721/ERC721.sol:ERC721",
          "@openzeppelin/contracts/token/ERC721/extensions/IERC721Metadata.sol:IERC721Metadata",
          "@openzeppelin/contracts/interfaces/IERC4906.sol:IERC4906",
          "@openzeppelin/contracts/token/ERC721/IERC721.sol:IERC721",
          "@openzeppelin/contracts/utils/introspection/ERC165.sol:ERC165",
          "@openzeppelin/contracts/utils/introspection/IERC165.sol:IERC165",
          "@openzeppelin/contracts/utils/Context.sol:Context"
        ],
        "libraries": [
          "@openzeppelin/contracts/utils/Strings.sol:Strings",
          "@openzeppelin/contracts/utils/Counters.sol:Counters",
          "@openzeppelin/contracts/utils/Base64.sol:Base64"
        ],
        "methods": [
          "(string,string,address)",
          "generateCharacter(uint256)",
          "getTokenURI(uint256)",
          "mint()",
          "mintForAddress(address)"
        ],
        "linkReferences": [],
        "errors": [
          {
            "kind": "constructor",
            "contract": "PeteOnChainNFT",
            "src": "contracts/PeteOnChainNFT.sol:16"
          }
        ],
        "layout": {
          "storage": [
            {
              "label": "_name",
              "offset": 0,
              "slot": "0",
              "type": "t_string_storage",
              "contract": "ERC721",
              "src": "@openzeppelin/contracts/token/ERC721/ERC721.sol:24"
            },
            {
              "label": "_symbol",
              "offset": 0,
              "slot": "1",
              "type": "t_string_storage",
              "contract": "ERC721",
              "src": "@openzeppelin/contracts/token/ERC721/ERC721.sol:27"
            },
            {
              "label": "_owners",
              "offset": 0,
              "slot": "2",
              "type": "t_mapping(t_uint256,t_address)",
              "contract": "ERC721",
              "src": "@openzeppelin/contracts/token/ERC721/ERC721.sol:30"
            },
            {
              "label": "_balances",
              "offset": 0,
              "slot": "3",
              "type": "t_mapping(t_address,t_uint256)",
              "contract": "ERC721",
              "src": "@openzeppelin/contracts/token/ERC721/ERC721.sol:33"
            },
            {
              "label": "_tokenApprovals",
              "offset": 0,
              "slot": "4",
              "type": "t_mapping(t_uint256,t_address)",
              "contract": "ERC721",
              "src": "@openzeppelin/contracts/token/ERC721/ERC721.sol:36"
            },
            {
              "label": "_operatorApprovals",
              "offset": 0,
              "slot": "5",
              "type": "t_mapping(t_address,t_mapping(t_address,t_bool))",
              "contract": "ERC721",
              "src": "@openzeppelin/contracts/token/ERC721/ERC721.sol:39"
            },
            {
              "label": "_tokenURIs",
              "offset": 0,
              "slot": "6",
              "type": "t_mapping(t_uint256,t_string_storage)",
              "contract": "ERC721URIStorage",
              "src": "@openzeppelin/contracts/token/ERC721/extensions/ERC721URIStorage.sol:16"
            },
            {
              "label": "_tokenIds",
              "offset": 0,
              "slot": "7",
              "type": "t_struct(Counter)1684_storage",
              "contract": "PeteOnChainNFT",
              "src": "contracts/PeteOnChainNFT.sol:12"
            }
          ],
          "types": {
            "t_address": {
              "label": "address",
              "numberOfBytes": "20"
            },
            "t_bool": {
              "label": "bool",
              "numberOfBytes": "1"
            },
            "t_mapping(t_address,t_bool)": {
              "label": "mapping(address => bool)",
              "numberOfBytes": "32"
            },
            "t_mapping(t_address,t_mapping(t_address,t_bool))": {
              "label": "mapping(address => mapping(address => bool))",
              "numberOfBytes": "32"
            },
            "t_mapping(t_address,t_uint256)": {
              "label": "mapping(address => uint256)",
              "numberOfBytes": "32"
            },
            "t_mapping(t_uint256,t_address)": {
              "label": "mapping(uint256 => address)",
              "numberOfBytes": "32"
            },
            "t_mapping(t_uint256,t_string_storage)": {
              "label": "mapping(uint256 => string)",
              "numberOfBytes": "32"
            },
            "t_string_storage": {
              "label": "string",
              "numberOfBytes": "32"
            },
            "t_struct(Counter)1684_storage": {
              "label": "struct Counters.Counter",
              "members": [
                {
                  "label": "_value",
                  "type": "t_uint256",
                  "offset": 0,
                  "slot": "0"
                }
              ],
              "numberOfBytes": "32"
            },
            "t_uint256": {
              "label": "uint256",
              "numberOfBytes": "32"
            }
          },
          "layoutVersion": "1.2",
          "flat": true,
          "namespaces": {}
        },
        "solcVersion": "0.8.28"
      }
    }
  ]
}